31.06282,1,1,1,1,1,1,1,1,-0.3369296,4.053204,30.79724,RightArrow
31.06282,1,1,1,1,1,1,1,1,-0.3308184,4.053204,30.79724,RightArrow
31.06282,1,1,1,1,1,1,1,1,-0.3166423,4.053204,30.79724,RightArrow
31.06282,1,1,1,1,1,1,1,1,-0.3120535,4.053204,30.79724,RightArrow
31.06282,1,1,1,1,1,1,1,1,-0.3120535,4.053204,30.79724,RightArrow
31.06282,1,1,1,1,1,1,1,1,-0.3081099,4.053204,30.79724,RightArrow
31.06282,1,1,1,1,1,1,1,1,-0.3081099,4.053204,30.79724,RightArrow
31.06282,1,1,1,1,1,1,1,1,-0.3044773,4.053204,30.79724,RightArrow
31.06282,1,1,1,1,1,1,1,1,-0.3044773,4.053204,30.79724,RightArrow
31.06282,1,1,1,1,1,1,1,1,-0.2999053,4.053204,30.79724,RightArrow
31.06282,1,1,1,1,1,1,1,1,-0.2999053,4.053204,30.79724,RightArrow
31.06282,1,1,1,1,1,1,1,1,-0.2959195,4.053204,30.79724,RightArrow
31.06282,1,1,1,1,1,1,1,1,-0.2959195,4.053204,30.79724,RightArrow
31.06282,1,1,1,1,1,1,1,1,-0.2919312,4.053204,30.79724,RightArrow
31.06282,1,1,1,1,1,1,1,1,-0.2919312,4.053204,30.79724,RightArrow
31.06282,1,1,1,1,1,1,1,1,-0.2875131,4.053204,30.79724,RightArrow
31.06282,1,1,1,1,1,1,1,1,-0.2875131,4.053204,30.79724,RightArrow
31.06282,1,1,1,1,1,1,1,1,-0.2823173,4.053204,30.79724,RightArrow
31.06282,1,1,1,1,1,1,1,1,-0.2773744,4.053204,30.79724,RightArrow
31.06282,1,1,1,1,1,1,1,1,-0.2773744,4.053204,30.79724,RightArrow
31.06282,1,1,1,1,1,1,1,1,-0.2718397,4.053204,30.79724,LeftArrow
31.06282,1,1,1,1,1,1,1,1,-0.2782412,4.053204,30.79724,LeftArrow
31.06282,1,1,1,1,1,1,1,1,-0.2865517,4.053204,30.79724,LeftArrow
31.06282,1,1,1,1,1,1,1,1,-0.2925827,4.053204,30.79724,LeftArrow
31.06282,1,1,1,1,1,1,1,1,-0.2925827,4.053204,30.79724,LeftArrow
31.06282,1,1,1,1,1,1,1,1,-0.2976693,4.053204,30.79724,LeftArrow
31.06282,1,1,1,1,1,1,1,1,-0.2976693,4.053204,30.79724,LeftArrow
31.06282,1,1,1,1,1,1,1,1,-0.3023073,4.053204,30.79724,LeftArrow
31.06282,1,1,1,1,1,1,1,1,-0.3023073,4.053204,30.79724,LeftArrow
31.06282,1,1,1,1,1,1,1,1,-0.3069975,4.053204,30.79724,LeftArrow
31.06282,1,1,1,1,1,1,1,1,-0.3069975,4.053204,30.79724,LeftArrow
31.06282,1,1,1,1,1,1,1,1,-0.3117599,4.053204,30.79724,LeftArrow
31.06282,1,1,1,1,1,1,1,1,-0.3165962,4.053204,30.79724,LeftArrow
31.06282,1,1,1,1,1,1,1,1,-0.3165962,4.053204,30.79724,LeftArrow
31.06282,1,1,1,1,1,1,1,1,-0.3214508,4.053204,30.79724,LeftArrow
31.06282,1,1,1,1,1,1,1,1,-0.3214508,4.053204,30.79724,LeftArrow
31.06282,1,1,1,1,1,1,1,1,-0.3262142,4.053204,30.79724,LeftArrow
31.06282,1,1,1,1,1,1,1,1,-0.3311161,4.053204,30.79724,LeftArrow
31.06282,1,1,1,1,1,1,1,1,-0.3311161,4.053204,30.79724,LeftArrow
31.06282,1,1,1,1,1,1,1,1,-0.3363008,4.053204,30.79724,LeftArrow
31.06282,1,1,1,1,1,1,1,1,-0.3363008,4.053204,30.79724,LeftArrow
31.06282,1,1,1,1,1,1,1,1,-0.3415818,4.053204,30.79724,LeftArrow
31.06282,1,1,1,1,1,1,1,1,-0.3463539,4.053204,30.79724,LeftArrow
31.06282,1,1,1,1,1,1,1,1,-0.3463539,4.053204,30.79724,LeftArrow
31.06282,1,1,1,1,1,1,1,1,-0.3510511,4.053204,30.79724,LeftArrow
31.06282,1,1,1,1,1,1,1,1,-0.3560401,4.053204,30.79724,LeftArrow
31.06282,1,1,1,1,1,1,1,1,-0.3560401,4.053204,30.79724,LeftArrow
31.06282,1,1,1,1,1,1,1,1,-0.3608551,4.053204,30.79724,LeftArrow
31.06282,1,1,1,1,1,1,1,1,-0.3608551,4.053204,30.79724,LeftArrow
31.06282,1,1,1,1,1,1,1,1,-0.3661852,4.053204,30.79724,LeftArrow
31.06282,1,1,1,1,1,1,1,1,-0.3709428,4.053204,30.79724,LeftArrow
31.06282,1,1,1,1,1,1,1,1,-0.3709428,4.053204,30.79724,LeftArrow
31.06282,1,1,1,1,1,1,1,1,-0.3753945,4.053204,30.79724,LeftArrow
31.06282,1,1,1,1,1,1,1,1,-0.3753945,4.053204,30.79724,LeftArrow
31.06282,1,1,1,1,1,1,1,1,-0.3800954,4.053204,30.79724,RightArrow
31.06282,1,1,1,1,1,1,1,1,-0.3739678,4.053204,30.79724,RightArrow
31.06282,1,1,1,1,1,1,1,1,-0.3657225,4.053204,30.79724,RightArrow
31.06282,1,1,1,1,1,1,1,1,-0.3657225,4.053204,30.79724,RightArrow
31.06282,1,1,1,1,1,1,1,1,-0.3619014,4.053204,30.79724,RightArrow
31.06282,1,1,1,1,1,1,1,1,-0.3569127,4.053204,30.79724,RightArrow
31.06282,1,1,1,1,1,1,1,1,-0.3569127,4.053204,30.79724,RightArrow
31.06282,1,1,1,1,1,1,1,1,-0.3524169,4.053204,30.79724,RightArrow
31.06282,1,1,1,1,1,1,1,1,-0.3524169,4.053204,30.79724,RightArrow
31.06282,1,1,1,1,1,1,1,1,-0.3478673,4.053204,30.79724,RightArrow
31.06282,1,1,1,1,1,1,1,1,-0.3478673,4.053204,30.79724,RightArrow
31.06282,1,1,1,1,1,1,1,1,-0.3432504,4.053204,30.79724,RightArrow
31.06282,1,1,1,1,1,1,1,1,-0.3432504,4.053204,30.79724,RightArrow
31.06282,1,1,1,1,1,1,1,1,-0.3393032,4.053204,30.79724,RightArrow
31.06282,1,1,1,1,1,1,1,1,-0.3338806,4.053204,30.79724,RightArrow
31.06282,1,1,1,1,1,1,1,1,-0.3338806,4.053204,30.79724,RightArrow
31.06282,1,1,1,1,1,1,1,1,-0.3288936,4.053204,30.79724,RightArrow
31.06282,1,1,1,1,1,1,1,1,-0.3238502,4.053204,30.79724,RightArrow
31.06282,1,1,1,1,1,1,1,1,-0.3238502,4.053204,30.79724,RightArrow
31.06282,1,1,1,1,1,1,1,1,-0.3186199,4.053204,30.79724,RightArrow
31.06282,1,1,1,1,1,1,1,1,-0.3186199,4.053204,30.79724,RightArrow
31.06282,1,1,1,1,1,1,1,1,-0.3139504,4.053204,30.79724,RightArrow
31.06282,1,1,1,1,1,1,1,1,-0.3091604,4.053204,30.79724,RightArrow
31.06282,1,1,1,1,1,1,1,1,-0.3091604,4.053204,30.79724,RightArrow
31.06282,1,1,1,1,1,1,1,1,-0.3042709,4.053204,30.79724,RightArrow
31.06282,1,1,1,1,1,1,1,1,-0.3042709,4.053204,30.79724,RightArrow
31.06282,1,1,1,1,1,1,1,1,-0.2991325,4.053204,30.79724,RightArrow
31.06282,1,1,1,1,1,1,1,1,-0.2942838,4.053204,30.79724,RightArrow
31.06282,1,1,1,1,1,1,1,1,-0.2942838,4.053204,30.79724,RightArrow
31.06282,1,1,1,1,1,1,1,1,-0.2892635,4.053204,30.79724,RightArrow
31.06282,1,1,1,1,1,1,1,1,-0.2892635,4.053204,30.79724,RightArrow
31.06282,1,1,1,1,1,1,1,1,-0.2842606,4.053204,30.79724,RightArrow
31.06282,1,1,1,1,1,1,1,1,-0.2791226,4.053204,30.79724,RightArrow
31.06282,1,1,1,1,1,1,1,1,-0.2791226,4.053204,30.79724,RightArrow
31.06282,1,1,1,1,1,1,1,1,-0.2743172,4.053204,30.79724,RightArrow
31.06282,1,1,1,1,1,1,1,1,-0.2689965,4.053204,30.79724,RightArrow
31.06282,1,1,1,1,1,1,1,1,-0.2689965,4.053204,30.79724,RightArrow
31.06282,1,1,1,1,1,1,1,1,-0.263939,4.053204,30.79724,RightArrow
31.06282,1,1,1,1,1,1,1,1,-0.263939,4.053204,30.79724,RightArrow
31.06282,1,1,1,1,1,1,1,1,-0.2581436,4.053204,30.79724,RightArrow
31.06282,1,1,1,1,1,1,1,1,-0.2535244,4.053204,30.79724,RightArrow
31.06282,1,1,1,1,1,1,1,1,-0.2535244,4.053204,30.79724,RightArrow
31.06282,1,1,1,1,1,1,1,1,-0.2483592,4.053204,30.79724,RightArrow
31.06282,1,1,1,1,1,1,1,1,-0.2483592,4.053204,30.79724,RightArrow
31.06282,1,1,1,1,1,1,1,1,-0.2445346,4.053204,30.79724,RightArrow
31.06282,1,1,1,1,1,1,1,1,-0.2387505,4.053204,30.79724,RightArrow
31.06282,1,1,1,1,1,1,1,1,-0.2387505,4.053204,30.79724,RightArrow
31.06282,1,1,1,1,1,1,1,1,-0.2346388,4.053204,30.79724,RightArrow
31.06282,1,1,1,1,1,1,1,1,-0.2292744,4.053204,30.79724,RightArrow
31.06282,1,1,1,1,1,1,1,1,-0.2292744,4.053204,30.79724,RightArrow
31.06282,1,1,1,1,1,1,1,1,-0.2250369,4.053204,30.79724,RightArrow
31.06282,1,1,1,1,1,1,1,1,-0.2250369,4.053204,30.79724,RightArrow
31.06282,1,1,1,1,1,1,1,1,-0.2190373,4.053204,30.79724,RightArrow
31.06282,1,1,1,1,1,1,1,1,-0.2139042,4.053204,30.79724,RightArrow
31.06282,1,1,1,1,1,1,1,1,-0.2139042,4.053204,30.79724,RightArrow
31.06282,1,1,1,1,1,1,1,1,-0.2082431,4.053204,30.79724,RightArrow
31.06282,1,1,1,1,1,1,1,1,-0.2082431,4.053204,30.79724,RightArrow
31.06282,1,1,1,1,1,1,1,1,-0.2031924,4.053204,30.79724,RightArrow
31.06282,1,1,1,1,1,1,1,1,-0.1966701,4.053204,30.79724,RightArrow
31.06282,1,1,1,1,1,1,1,1,-0.1966701,4.053204,30.79724,RightArrow
31.06282,1,1,1,1,1,1,1,1,-0.1914659,4.053204,30.79724,RightArrow
31.06282,1,1,1,1,1,1,1,1,-0.1844281,4.053204,30.79724,RightArrow
31.06282,1,1,1,1,1,1,1,1,-0.1785661,4.053204,30.79724,RightArrow
31.06282,1,1,1,1,1,1,1,1,-0.1785661,4.053204,30.79724,RightArrow
31.06282,1,1,1,1,1,1,1,1,-0.1749783,4.053204,30.79724,RightArrow
31.06282,1,1,1,1,1,1,1,1,-0.1749783,4.053204,30.79724,RightArrow
31.06282,1,1,1,1,1,1,1,1,-0.1701823,4.053204,30.79724,RightArrow
31.06282,1,1,1,1,1,1,1,1,-0.16574,4.053204,30.79724,RightArrow
31.06282,1,1,1,1,1,1,1,1,-0.16574,4.053204,30.79724,RightArrow
31.06282,1,1,1,1,1,1,1,1,-0.1596394,4.053204,30.79724,RightArrow
31.06282,1,1,1,1,1,1,1,1,-0.1596394,4.053204,30.79724,RightArrow
31.06282,1,1,1,1,1,1,1,1,-0.1557572,4.053204,30.79724,RightArrow
31.06282,1,1,1,1,1,1,1,1,-0.1557572,4.053204,30.79724,RightArrow
31.06282,1,1,1,1,1,1,1,1,-0.1519465,4.053204,30.79724,RightArrow
31.06282,1,1,1,1,1,1,1,1,-0.1471309,4.053204,30.79724,RightArrow
31.06282,1,1,1,1,1,1,1,1,-0.1471309,4.053204,30.79724,RightArrow
31.06282,1,1,1,1,1,1,1,1,-0.1429754,4.053204,30.79724,RightArrow
31.06282,1,1,1,1,1,1,1,1,-0.1429754,4.053204,30.79724,RightArrow
31.06282,1,1,1,1,1,1,1,1,-0.1372444,4.053204,30.79724,RightArrow
31.06282,1,1,1,1,1,1,1,1,-0.1325824,4.053204,30.79724,RightArrow
31.06282,1,1,1,1,1,1,1,1,-0.1325824,4.053204,30.79724,RightArrow
31.06282,1,1,1,1,1,1,1,1,-0.1274307,4.053204,30.79724,RightArrow
31.06282,1,1,1,1,1,1,1,1,-0.1274307,4.053204,30.79724,RightArrow
31.06282,1,1,1,1,1,1,1,1,-0.1227711,4.053204,30.79724,RightArrow
31.06282,1,1,1,1,1,1,1,1,-0.1137566,4.053204,30.79724,RightArrow
31.06282,1,1,1,1,1,1,1,1,-0.1137566,4.053204,30.79724,RightArrow
31.06282,1,1,1,1,1,1,1,1,-0.1096777,4.053204,30.79724,RightArrow
31.06282,1,1,1,1,1,1,1,1,-0.1096777,4.053204,30.79724,RightArrow
31.06282,1,1,1,1,1,1,1,1,-0.1052016,4.053204,30.79724,RightArrow
31.06282,1,1,1,1,1,1,1,1,-0.09971891,4.053204,30.79724,RightArrow
31.06282,1,1,1,1,1,1,1,1,-0.09971891,4.053204,30.79724,RightArrow
31.06282,1,1,1,1,1,1,1,1,-0.09548704,4.053204,30.79724,RightArrow
31.06282,1,1,1,1,1,1,1,1,-0.09548704,4.053204,30.79724,RightArrow
31.06282,1,1,1,1,1,1,1,1,-0.08900481,4.053204,30.79724,RightArrow
31.06282,1,1,1,1,1,1,1,1,-0.08433963,4.053204,30.79724,RightArrow
31.06282,1,1,1,1,1,1,1,1,-0.08433963,4.053204,30.79724,RightArrow
31.06282,1,1,1,1,1,1,1,1,-0.07778236,4.053204,30.79724,RightArrow
31.06282,1,1,1,1,1,1,1,1,-0.07778236,4.053204,30.79724,RightArrow
31.06282,1,1,1,1,1,1,1,1,-0.07282133,4.053204,30.79724,RightArrow
31.06282,1,1,1,1,1,1,1,1,-0.06671487,4.053204,30.79724,RightArrow
31.06282,1,1,1,1,1,1,1,1,-0.06671487,4.053204,30.79724,RightArrow
31.06282,1,1,1,1,1,1,1,1,-0.06189084,4.053204,30.79724,RightArrow
31.06282,1,1,1,1,1,1,1,1,-0.06189084,4.053204,30.79724,RightArrow
31.06282,1,1,1,1,1,1,1,1,-0.0574602,4.053204,30.79724,RightArrow
31.06282,1,1,1,1,1,1,1,1,-0.05230892,4.053204,30.79724,RightArrow
31.06282,1,1,1,1,1,1,1,1,-0.05230892,4.053204,30.79724,RightArrow
31.06282,1,1,1,1,1,1,1,1,-0.04747333,4.053204,30.79724,RightArrow
31.06282,1,1,1,1,1,1,1,1,-0.04240718,4.053204,30.79724,RightArrow
31.06282,1,1,1,1,1,1,1,1,-0.04240718,4.053204,30.79724,RightArrow
31.06282,1,1,1,1,1,1,1,1,-0.0378402,4.053204,30.79724,RightArrow
31.06282,1,1,1,1,1,1,1,1,-0.0378402,4.053204,30.79724,RightArrow
31.06282,1,1,1,1,1,1,1,1,-0.03170843,4.053204,30.79724,RightArrow
31.06282,1,1,1,1,1,1,1,1,-0.02743525,4.053204,30.79724,RightArrow
31.06282,1,1,1,1,1,1,1,1,-0.02743525,4.053204,30.79724,RightArrow
31.06282,1,1,1,1,1,1,1,1,-0.02044853,4.053204,30.79724,RightArrow
31.06282,1,1,1,1,1,1,1,1,-0.02044853,4.053204,30.79724,RightArrow
31.06282,1,1,1,1,1,1,1,1,-0.01535199,4.053204,30.79724,RightArrow
31.06282,1,1,1,1,1,1,1,1,-0.008333919,4.053204,30.79724,RightArrow
31.06282,1,1,1,1,1,1,1,1,-0.008333919,4.053204,30.79724,RightArrow
31.06282,1,1,1,1,1,1,1,1,-0.004119164,4.053204,30.79724,RightArrow
31.06282,1,1,1,1,1,1,1,1,-0.004119164,4.053204,30.79724,RightArrow
31.06282,1,1,1,1,1,1,1,1,-0.0001338037,4.053204,30.79724,RightArrow
31.06282,1,1,1,1,1,1,1,1,0.004770597,4.053204,30.79724,RightArrow
31.06282,1,1,1,1,1,1,1,1,0.01122186,4.053204,30.79724,RightArrow
31.06282,1,1,1,1,1,1,1,1,0.01857384,4.053204,30.79724,RightArrow
31.06282,1,1,1,1,1,1,1,1,0.01857384,4.053204,30.79724,RightArrow
31.06282,1,1,1,1,1,1,1,1,0.02331516,4.053204,30.79724,RightArrow
31.06282,1,1,1,1,1,1,1,1,0.02738871,4.053204,30.79724,RightArrow
31.06282,1,1,1,1,1,1,1,1,0.02738871,4.053204,30.79724,RightArrow
31.06282,1,1,1,1,1,1,1,1,0.03165505,4.053204,30.79724,LeftArrow
31.06282,1,1,1,1,1,1,1,1,0.02595818,4.053204,30.79724,LeftArrow
31.06282,1,1,1,1,1,1,1,1,0.01660602,4.053204,30.79724,LeftArrow
31.06282,1,1,1,1,1,1,1,1,0.01660602,4.053204,30.79724,LeftArrow
31.06282,1,1,1,1,1,1,1,1,0.01149407,4.053204,30.79724,LeftArrow
31.06282,1,1,1,1,1,1,1,1,0.01149407,4.053204,30.79724,LeftArrow
31.06282,1,1,1,1,1,1,1,1,0.00765173,4.053204,30.79724,LeftArrow
31.06282,1,1,1,1,1,1,1,1,0.001779163,4.053204,30.79724,LeftArrow
31.06282,1,1,1,1,1,1,1,1,0.001779163,4.053204,30.79724,LeftArrow
31.06282,1,1,1,1,1,1,1,1,-0.003147371,4.053204,30.79724,LeftArrow
31.06282,1,1,1,1,1,1,1,1,-0.003147371,4.053204,30.79724,LeftArrow
31.06282,1,1,1,1,1,1,1,1,-0.007311623,4.053204,30.79724,LeftArrow
31.06282,1,1,1,1,1,1,1,1,-0.007311623,4.053204,30.79724,LeftArrow
31.06282,1,1,1,1,1,1,1,1,-0.0130305,4.053204,30.79724,LeftArrow
31.06282,1,1,1,1,1,1,1,1,-0.01815612,4.053204,30.79724,LeftArrow
31.06282,1,1,1,1,1,1,1,1,-0.01815612,4.053204,30.79724,LeftArrow
31.06282,1,1,1,1,1,1,1,1,-0.02391565,4.053204,30.79724,LeftArrow
31.06282,1,1,1,1,1,1,1,1,-0.02391565,4.053204,30.79724,LeftArrow
31.06282,1,1,1,1,1,1,1,1,-0.02934104,4.053204,30.79724,LeftArrow
31.06282,1,1,1,1,1,1,1,1,-0.03443057,4.053204,30.79724,LeftArrow
31.06282,1,1,1,1,1,1,1,1,-0.03443057,4.053204,30.79724,LeftArrow
31.06282,1,1,1,1,1,1,1,1,-0.03847421,4.053204,30.79724,LeftArrow
31.06282,1,1,1,1,1,1,1,1,-0.03847421,4.053204,30.79724,LeftArrow
31.06282,1,1,1,1,1,1,1,1,-0.0428361,4.053204,30.79724,LeftArrow
31.06282,1,1,1,1,1,1,1,1,-0.04785363,4.053204,30.79724,LeftArrow
31.06282,1,1,1,1,1,1,1,1,-0.04785363,4.053204,30.79724,LeftArrow
31.06282,1,1,1,1,1,1,1,1,-0.05305976,4.053204,30.79724,LeftArrow
31.06282,1,1,1,1,1,1,1,1,-0.05878375,4.053204,30.79724,LeftArrow
31.06282,1,1,1,1,1,1,1,1,-0.05878375,4.053204,30.79724,LeftArrow
31.06282,1,1,1,1,1,1,1,1,-0.0636517,4.053204,30.79724,LeftArrow
31.06282,1,1,1,1,1,1,1,1,-0.0636517,4.053204,30.79724,LeftArrow
31.06282,1,1,1,1,1,1,1,1,-0.06926233,4.053204,30.79724,LeftArrow
31.06282,1,1,1,1,1,1,1,1,-0.07450308,4.053204,30.79724,LeftArrow
31.06282,1,1,1,1,1,1,1,1,-0.09198119,4.053204,30.79724,LeftArrow
31.06282,1,1,1,1,1,1,1,1,-0.09198119,4.053204,30.79724,LeftArrow
31.06282,1,1,1,1,1,1,1,1,-0.09581988,4.053204,30.79724,LeftArrow
31.06282,1,1,1,1,1,1,1,1,-0.09581988,4.053204,30.79724,LeftArrow
31.06282,1,1,1,1,1,1,1,1,-0.1005913,4.053204,30.79724,LeftArrow
31.06282,1,1,1,1,1,1,1,1,-0.1005913,4.053204,30.79724,LeftArrow
31.06282,1,1,1,1,1,1,1,1,-0.105308,4.053204,30.79724,LeftArrow
31.06282,1,1,1,1,1,1,1,1,-0.105308,4.053204,30.79724,LeftArrow
31.06282,1,1,1,1,1,1,1,1,-0.1093967,4.053204,30.79724,LeftArrow
31.06282,1,1,1,1,1,1,1,1,-0.1093967,4.053204,30.79724,LeftArrow
31.06282,1,1,1,1,1,1,1,1,-0.1147657,4.053204,30.79724,LeftArrow
31.06282,1,1,1,1,1,1,1,1,-0.1185737,4.053204,30.79724,LeftArrow
31.06282,1,1,1,1,1,1,1,1,-0.1264478,4.053204,30.79724,LeftArrow
31.06282,1,1,1,1,1,1,1,1,-0.1264478,4.053204,30.79724,LeftArrow
31.06282,1,1,1,1,1,1,1,1,-0.1320188,4.053204,30.79724,LeftArrow
31.06282,1,1,1,1,1,1,1,1,-0.1320188,4.053204,30.79724,LeftArrow
31.06282,1,1,1,1,1,1,1,1,-0.1356904,4.053204,30.79724,LeftArrow
31.06282,1,1,1,1,1,1,1,1,-0.1356904,4.053204,30.79724,LeftArrow
31.06282,1,1,1,1,1,1,1,1,-0.1414851,4.053204,30.79724,LeftArrow
31.06282,1,1,1,1,1,1,1,1,-0.1414851,4.053204,30.79724,LeftArrow
31.06282,1,1,1,1,1,1,1,1,-0.1463382,4.053204,30.79724,LeftArrow
31.06282,1,1,1,1,1,1,1,1,-0.1523313,4.053204,30.79724,LeftArrow
31.06282,1,1,1,1,1,1,1,1,-0.1593638,4.053204,30.79724,LeftArrow
31.06282,1,1,1,1,1,1,1,1,-0.1593638,4.053204,30.79724,LeftArrow
31.06282,1,1,1,1,1,1,1,1,-0.1629917,4.053204,30.79724,LeftArrow
31.06282,1,1,1,1,1,1,1,1,-0.1677606,4.053204,30.79724,LeftArrow
31.06282,1,1,1,1,1,1,1,1,-0.1677606,4.053204,30.79724,LeftArrow
31.06282,1,1,1,1,1,1,1,1,-0.1725857,4.053204,30.79724,LeftArrow
31.06282,1,1,1,1,1,1,1,1,-0.1725857,4.053204,30.79724,LeftArrow
31.06282,1,1,1,1,1,1,1,1,-0.1782932,4.053204,30.79724,LeftArrow
31.06282,1,1,1,1,1,1,1,1,-0.1782932,4.053204,30.79724,LeftArrow
31.06282,1,1,1,1,1,1,1,1,-0.1831878,4.053204,30.79724,LeftArrow
31.06282,1,1,1,1,1,1,1,1,-0.1831878,4.053204,30.79724,LeftArrow
31.06282,1,1,1,1,1,1,1,1,-0.1873223,4.053204,30.79724,LeftArrow
31.06282,1,1,1,1,1,1,1,1,-0.1944069,4.053204,30.79724,LeftArrow
31.06282,1,1,1,1,1,1,1,1,-0.2001575,4.053204,30.79724,LeftArrow
31.06282,1,1,1,1,1,1,1,1,-0.2078208,4.053204,30.79724,LeftArrow
31.06282,1,1,1,1,1,1,1,1,-0.2078208,4.053204,30.79724,LeftArrow
31.06282,1,1,1,1,1,1,1,1,-0.2120535,4.053204,30.79724,LeftArrow
31.06282,1,1,1,1,1,1,1,1,-0.2120535,4.053204,30.79724,LeftArrow
31.06282,1,1,1,1,1,1,1,1,-0.2170481,4.053204,30.79724,LeftArrow
31.06282,1,1,1,1,1,1,1,1,-0.2170481,4.053204,30.79724,LeftArrow
31.06282,1,1,1,1,1,1,1,1,-0.2209994,4.053204,30.79724,LeftArrow
31.06282,1,1,1,1,1,1,1,1,-0.2209994,4.053204,30.79724,LeftArrow
31.06282,1,1,1,1,1,1,1,1,-0.2267337,4.053204,30.79724,LeftArrow
31.06282,1,1,1,1,1,1,1,1,-0.2314509,4.053204,30.79724,LeftArrow
31.06282,1,1,1,1,1,1,1,1,-0.2314509,4.053204,30.79724,LeftArrow
31.06282,1,1,1,1,1,1,1,1,-0.2382199,4.053204,30.79724,LeftArrow
30.89118,1,1,1,1,1,1,1,1,-0.2441477,4.150368,30.6111,LeftArrow
30.89118,1,1,1,1,1,1,1,1,-0.2441477,4.150368,30.6111,LeftArrow
30.75452,1,1,1,1,1,1,1,1,-0.2489145,4.230434,30.46217,LeftArrow
30.75452,1,1,1,1,1,1,1,1,-0.2489145,4.230434,30.46217,LeftArrow
30.62584,1,1,1,1,1,1,1,1,-0.253441,4.307949,30.32133,LeftArrow
30.62584,1,1,1,1,1,1,1,1,-0.253441,4.307949,30.32133,LeftArrow
30.52279,1,1,1,1,1,1,1,1,-0.2570954,4.371658,30.2081,LeftArrow
30.41043,1,1,1,1,1,1,1,1,-0.2611079,4.442623,30.08417,LeftArrow
30.41043,1,1,1,1,1,1,1,1,-0.2611079,4.442623,30.08417,LeftArrow
30.29638,1,1,1,1,1,1,1,1,-0.2652122,4.51635,29.95786,LeftArrow
30.29638,1,1,1,1,1,1,1,1,-0.2652122,4.51635,29.95786,LeftArrow
30.16947,1,1,1,1,1,1,1,1,-0.2698175,4.60038,29.81667,LeftArrow
30.16947,1,1,1,1,1,1,1,1,-0.2698175,4.60038,29.81667,LeftArrow
30.06511,1,1,1,1,1,1,1,1,-0.27364,4.671333,29.7,LeftArrow
30.06511,1,1,1,1,1,1,1,1,-0.27364,4.671333,29.7,LeftArrow
29.95537,1,1,1,1,1,1,1,1,-0.2776932,4.747635,29.57675,LeftArrow
29.95537,1,1,1,1,1,1,1,1,-0.2776932,4.747635,29.57675,LeftArrow
29.82135,1,1,1,1,1,1,1,1,-0.2826882,4.843075,29.42546,LeftArrow
29.67177,1,1,1,1,1,1,1,1,-0.2883281,4.952789,29.25549,LeftArrow
29.67177,1,1,1,1,1,1,1,1,-0.2883281,4.952789,29.25549,LeftArrow
29.54005,1,1,1,1,1,1,1,1,-0.2933607,5.052635,29.10474,LeftArrow
29.41621,1,1,1,1,1,1,1,1,-0.2981514,5.149338,28.96201,LeftArrow
29.41621,1,1,1,1,1,1,1,1,-0.2981514,5.149338,28.96201,LeftArrow
29.28046,1,1,1,1,1,1,1,1,-0.3034686,5.258434,28.80441,LeftArrow
29.28046,1,1,1,1,1,1,1,1,-0.3034686,5.258434,28.80441,LeftArrow
29.15107,1,1,1,1,1,1,1,1,-0.3086088,5.365776,28.65298,LeftArrow
29.03481,1,1,1,1,1,1,1,1,-0.3132939,5.465263,28.51581,LeftArrow
29.03481,1,1,1,1,1,1,1,1,-0.3132939,5.465263,28.51581,LeftArrow
28.93991,1,1,1,1,1,1,1,1,-0.3171693,5.548798,28.40298,LeftArrow
28.93991,1,1,1,1,1,1,1,1,-0.3171693,5.548798,28.40298,LeftArrow
28.81121,1,1,1,1,1,1,1,1,-0.3224894,5.664921,28.24879,LeftArrow
28.69693,1,1,1,1,1,1,1,1,-0.3272909,5.771477,28.11057,LeftArrow
28.69693,1,1,1,1,1,1,1,1,-0.3272909,5.771477,28.11057,LeftArrow
28.57659,1,1,1,1,1,1,1,1,-0.3324274,5.887173,27.96359,LeftArrow
28.46199,1,1,1,1,1,1,1,1,-0.3374039,6.001022,27.82216,LeftArrow
28.46199,1,1,1,1,1,1,1,1,-0.3374039,6.001022,27.82216,LeftArrow
28.35305,1,1,1,1,1,1,1,1,-0.3422174,6.112793,27.68626,LeftArrow
28.35305,1,1,1,1,1,1,1,1,-0.3422174,6.112793,27.68626,LeftArrow
28.23604,1,1,1,1,1,1,1,1,-0.3474815,6.236778,27.53864,LeftArrow
28.13745,1,1,1,1,1,1,1,1,-0.3520047,6.34494,27.41273,LeftArrow
28.13745,1,1,1,1,1,1,1,1,-0.3520047,6.34494,27.41273,LeftArrow
28.01926,1,1,1,1,1,1,1,1,-0.3575293,6.478794,27.25993,LeftArrow
27.91901,1,1,1,1,1,1,1,1,-0.3623223,6.596733,27.12848,LeftArrow
27.91901,1,1,1,1,1,1,1,1,-0.3623223,6.596733,27.12848,LeftArrow
27.77472,1,1,1,1,1,1,1,1,-0.3693763,6.77272,26.93633,LeftArrow
27.70823,1,1,1,1,1,1,1,1,-0.3727266,6.857868,26.84615,LeftArrow
27.70823,1,1,1,1,1,1,1,1,-0.3727266,6.857868,26.84615,LeftArrow
27.60591,1,1,1,1,1,1,1,1,-0.3779719,6.992443,26.70566,LeftArrow
27.60591,1,1,1,1,1,1,1,1,-0.3779719,6.992443,26.70566,LeftArrow
27.51812,1,1,1,1,1,1,1,1,-0.3825905,7.112591,26.58304,LeftArrow
27.51812,1,1,1,1,1,1,1,1,-0.3825905,7.112591,26.58304,LeftArrow
27.43041,1,1,1,1,1,1,1,1,-0.387318,7.23708,26.4585,LeftArrow
27.31727,1,1,1,1,1,1,1,1,-0.3935851,7.404213,26.29469,LeftArrow
27.31727,1,1,1,1,1,1,1,1,-0.3935851,7.404213,26.29469,LeftArrow
27.23351,1,1,1,1,1,1,1,1,-0.3983903,7.534393,26.17053,LeftArrow
27.1305,1,1,1,1,1,1,1,1,-0.4044829,7.701523,26.01443,LeftArrow
27.1305,1,1,1,1,1,1,1,1,-0.4044829,7.701523,26.01443,LeftArrow
27.06681,1,1,1,1,1,1,1,1,-0.4083931,7.810371,25.91545,LeftArrow
27.06681,1,1,1,1,1,1,1,1,-0.4083931,7.810371,25.91545,LeftArrow
26.99778,1,1,1,1,1,1,1,1,-0.4127482,7.932789,25.80603,LeftArrow
26.90274,1,1,1,1,1,1,1,1,-0.4189466,8.108963,25.65155,LeftArrow
26.90274,1,1,1,1,1,1,1,1,-0.4189466,8.108963,25.65155,LeftArrow
26.83701,1,1,1,1,1,1,1,1,-0.4234294,8.238235,25.54128,LeftArrow
26.83701,1,1,1,1,1,1,1,1,-0.4234294,8.238235,25.54128,LeftArrow
26.77367,1,1,1,1,1,1,1,1,-0.4279082,8.368778,25.43213,LeftArrow
26.77367,1,1,1,1,1,1,1,1,-0.4279082,8.368778,25.43213,LeftArrow
26.72692,1,1,1,1,1,1,1,1,-0.4313372,8.469753,25.3494,LeftArrow
26.65188,1,1,1,1,1,1,1,1,-0.4370321,8.638901,25.21294,LeftArrow
26.56425,1,1,1,1,1,1,1,1,-0.4440672,8.850697,25.04645,LeftArrow
26.56425,1,1,1,1,1,1,1,1,-0.4440672,8.850697,25.04645,LeftArrow
26.51118,1,1,1,1,1,1,1,1,-0.4486283,8.990135,24.94034,LeftArrow
26.51118,1,1,1,1,1,1,1,1,-0.4486283,8.990135,24.94034,LeftArrow
26.46931,1,1,1,1,1,1,1,1,-0.4524097,9.106899,24.85335,LeftArrow
26.46931,1,1,1,1,1,1,1,1,-0.4524097,9.106899,24.85335,LeftArrow
26.43139,1,1,1,1,1,1,1,1,-0.4559886,9.218338,24.77177,LeftArrow
26.38505,1,1,1,1,1,1,1,1,-0.4605739,9.362286,24.66817,LeftArrow
26.38505,1,1,1,1,1,1,1,1,-0.4605739,9.362286,24.66817,LeftArrow
26.34962,1,1,1,1,1,1,1,1,-0.4642952,9.480255,24.5851,LeftArrow
26.30415,1,1,1,1,1,1,1,1,-0.4693511,9.641895,24.4733,LeftArrow
26.30415,1,1,1,1,1,1,1,1,-0.4693511,9.641895,24.4733,LeftArrow
26.24964,1,1,1,1,1,1,1,1,-0.4759423,9.855022,24.32945,LeftArrow
26.20389,1,1,1,1,1,1,1,1,-0.4821493,10.05853,24.19649,LeftArrow
26.20389,1,1,1,1,1,1,1,1,-0.4821493,10.05853,24.19649,LeftArrow
26.18044,1,1,1,1,1,1,1,1,-0.4857192,10.177,24.12144,LeftArrow
26.18044,1,1,1,1,1,1,1,1,-0.4857192,10.177,24.12144,UpArrow
26.14276,1,1,1,1,1,1,1,1,-0.4891675,10.38767,23.99042,UpArrow
26.11465,1,1,1,1,1,1,1,1,-0.4891674,10.56461,23.88229,UpArrow
26.08004,1,1,1,1,1,1,1,1,-0.4891675,10.79797,23.73969,UpArrow
26.08004,1,1,1,1,1,1,1,1,-0.4891675,10.79797,23.73969,UpArrow
26.06496,1,1,1,1,1,1,1,1,-0.4891675,10.90615,23.67357,UpArrow
26.04162,1,1,1,1,1,1,1,1,-0.4891674,11.08291,23.56555,UpArrow
26.04162,1,1,1,1,1,1,1,1,-0.4891674,11.08291,23.56555,UpArrow
26.02564,1,1,1,1,1,1,1,1,-0.4891674,11.21172,23.48683,UpArrow
26.02564,1,1,1,1,1,1,1,1,-0.4891674,11.21172,23.48683,UpArrow
26.00868,1,1,1,1,1,1,1,1,-0.4891674,11.35679,23.39818,UpArrow
26.00868,1,1,1,1,1,1,1,1,-0.4891674,11.35679,23.39818,UpArrow
25.98951,1,1,1,1,1,1,1,1,-0.4891674,11.53349,23.29019,UpArrow
25.98951,1,1,1,1,1,1,1,1,-0.4891674,11.53349,23.29019,UpArrow
25.97334,1,1,1,1,1,1,1,1,-0.4891674,11.69588,23.19096,UpArrow
25.96255,1,1,1,1,1,1,1,1,-0.4891675,11.81281,23.11951,UpArrow
25.96255,1,1,1,1,1,1,1,1,-0.4891675,11.81281,23.11951,UpArrow
25.95293,1,1,1,1,1,1,1,1,-0.4891675,11.92435,23.05135,UpArrow
25.95293,1,1,1,1,1,1,1,1,-0.4891675,11.92435,23.05135,UpArrow
25.94022,1,1,1,1,1,1,1,1,-0.4891675,12.08521,22.95305,UpArrow
25.94022,1,1,1,1,1,1,1,1,-0.4891675,12.08521,22.95305,UpArrow
25.92882,1,1,1,1,1,1,1,1,-0.4891675,12.2467,22.85437,UpArrow
25.91766,1,1,1,1,1,1,1,1,-0.4891674,12.42829,22.74341,UpArrow
25.91766,1,1,1,1,1,1,1,1,-0.4891674,12.42829,22.74341,UpArrow
25.90912,1,1,1,1,1,1,1,1,-0.4891674,12.59138,22.64375,UpArrow
25.90912,1,1,1,1,1,1,1,1,-0.4891674,12.59138,22.64375,UpArrow
25.9033,1,1,1,1,1,1,1,1,-0.4891674,12.72186,22.56403,UpArrow
25.89784,1,1,1,1,1,1,1,1,-0.4891675,12.868,22.47472,UpArrow
25.89784,1,1,1,1,1,1,1,1,-0.4891675,12.868,22.47472,UpArrow
25.89335,1,1,1,1,1,1,1,1,-0.4891675,13.02087,22.3813,UpArrow
25.89022,1,1,1,1,1,1,1,1,-0.4891674,13.16661,22.29224,UpArrow
25.89022,1,1,1,1,1,1,1,1,-0.4891674,13.16661,22.29224,UpArrow
25.88836,1,1,1,1,1,1,1,1,-0.4891674,13.29847,22.21165,UpArrow
25.88836,1,1,1,1,1,1,1,1,-0.4891674,13.29847,22.21165,UpArrow
25.8873,1,1,1,1,1,1,1,1,-0.4891674,13.50553,22.08513,UpArrow
25.88883,1,1,1,1,1,1,1,1,-0.4891675,13.73844,21.94281,UpArrow
25.88883,1,1,1,1,1,1,1,1,-0.4891675,13.73844,21.94281,UpArrow
25.89051,1,1,1,1,1,1,1,1,-0.4891675,13.84628,21.87691,UpArrow
25.89379,1,1,1,1,1,1,1,1,-0.4891674,13.99337,21.78702,UpArrow
25.89379,1,1,1,1,1,1,1,1,-0.4891674,13.99337,21.78702,UpArrow
25.89775,1,1,1,1,1,1,1,1,-0.4891674,14.12639,21.70573,UpArrow
25.90268,1,1,1,1,1,1,1,1,-0.4891675,14.26013,21.62401,UpArrow
25.90268,1,1,1,1,1,1,1,1,-0.4891675,14.26013,21.62401,UpArrow
25.90915,1,1,1,1,1,1,1,1,-0.4891675,14.40635,21.53465,UpArrow
25.90915,1,1,1,1,1,1,1,1,-0.4891675,14.40635,21.53465,UpArrow
25.91877,1,1,1,1,1,1,1,1,-0.4891675,14.58815,21.42355,UpArrow
25.91877,1,1,1,1,1,1,1,1,-0.4891675,14.58815,21.42355,UpArrow
25.9266,1,1,1,1,1,1,1,1,-0.4891675,14.71632,21.34523,UpArrow
25.93791,1,1,1,1,1,1,1,1,-0.4891674,14.8805,21.2449,UpArrow
25.93791,1,1,1,1,1,1,1,1,-0.4891674,14.8805,21.2449,UpArrow
25.94808,1,1,1,1,1,1,1,1,-0.4891674,15.01316,21.16383,UpArrow
25.94808,1,1,1,1,1,1,1,1,-0.4891674,15.01316,21.16383,UpArrow
25.95955,1,1,1,1,1,1,1,1,-0.4891674,15.15014,21.08012,UpArrow
25.97355,1,1,1,1,1,1,1,1,-0.4891675,15.30319,20.9866,UpArrow
25.97355,1,1,1,1,1,1,1,1,-0.4891675,15.30319,20.9866,UpArrow
25.98734,1,1,1,1,1,1,1,1,-0.4891675,15.44239,20.90154,UpArrow
25.98734,1,1,1,1,1,1,1,1,-0.4891675,15.44239,20.90154,UpArrow
26.00609,1,1,1,1,1,1,1,1,-0.4891675,15.61716,20.79474,UpArrow
26.02123,1,1,1,1,1,1,1,1,-0.4891674,15.74843,20.71452,UpArrow
26.02123,1,1,1,1,1,1,1,1,-0.4891674,15.74843,20.71452,UpArrow
26.04054,1,1,1,1,1,1,1,1,-0.4891674,15.90566,20.61844,UpArrow
26.04054,1,1,1,1,1,1,1,1,-0.4891674,15.90566,20.61844,UpArrow
26.05764,1,1,1,1,1,1,1,1,-0.4891674,16.03677,20.53831,UpArrow
26.08235,1,1,1,1,1,1,1,1,-0.4891675,16.21527,20.42924,UpArrow
26.08235,1,1,1,1,1,1,1,1,-0.4891675,16.21527,20.42924,UpArrow
26.10629,1,1,1,1,1,1,1,1,-0.4891675,16.37778,20.32994,UpArrow
26.10629,1,1,1,1,1,1,1,1,-0.4891675,16.37778,20.32994,UpArrow
26.1302,1,1,1,1,1,1,1,1,-0.4891675,16.53166,20.2359,UpArrow
26.14912,1,1,1,1,1,1,1,1,-0.4891674,16.64815,20.16472,UpArrow
26.14912,1,1,1,1,1,1,1,1,-0.4891674,16.64815,20.16472,UpArrow
26.17133,1,1,1,1,1,1,1,1,-0.4891674,16.77965,20.08437,UpArrow
26.17133,1,1,1,1,1,1,1,1,-0.4891674,16.77965,20.08437,UpArrow
26.1941,1,1,1,1,1,1,1,1,-0.4891674,16.90939,20.00508,RightArrow
26.22807,1,1,1,1,1,1,1,1,-0.4836556,17.09444,19.892,RightArrow
26.27618,1,1,1,1,1,1,1,1,-0.4756838,17.35887,19.7258,RightArrow
26.27618,1,1,1,1,1,1,1,1,-0.4756838,17.35887,19.7258,RightArrow
26.3007,1,1,1,1,1,1,1,1,-0.4713523,17.50034,19.63326,RightArrow
26.32646,1,1,1,1,1,1,1,1,-0.4666849,17.65139,19.5323,RightArrow
26.32646,1,1,1,1,1,1,1,1,-0.4666849,17.65139,19.5323,RightArrow
26.34847,1,1,1,1,1,1,1,1,-0.4625673,17.78335,19.44208,RightArrow
26.34847,1,1,1,1,1,1,1,1,-0.4625673,17.78335,19.44208,RightArrow
26.36613,1,1,1,1,1,1,1,1,-0.4591641,17.89148,19.36667,RightArrow
26.36613,1,1,1,1,1,1,1,1,-0.4591641,17.89148,19.36667,RightArrow
26.38374,1,1,1,1,1,1,1,1,-0.4556943,18.00091,19.28909,RightArrow
26.41106,1,1,1,1,1,1,1,1,-0.4502441,18.17141,19.16621,RightArrow
26.41106,1,1,1,1,1,1,1,1,-0.4502441,18.17141,19.16621,RightArrow
26.42747,1,1,1,1,1,1,1,1,-0.4468073,18.2777,19.08762,RightArrow
26.42747,1,1,1,1,1,1,1,1,-0.4468073,18.2777,19.08762,RightArrow
26.44975,1,1,1,1,1,1,1,1,-0.4420672,18.42312,18.97835,RightArrow
26.44975,1,1,1,1,1,1,1,1,-0.4420672,18.42312,18.97835,RightArrow
26.46963,1,1,1,1,1,1,1,1,-0.4376806,18.55629,18.87605,RightArrow
26.49142,1,1,1,1,1,1,1,1,-0.4327363,18.70488,18.7596,RightArrow
26.49142,1,1,1,1,1,1,1,1,-0.4327363,18.70488,18.7596,RightArrow
26.51117,1,1,1,1,1,1,1,1,-0.4280761,18.84336,18.64859,RightArrow
26.5453,1,1,1,1,1,1,1,1,-0.4199125,19.08313,18.45229,RightArrow
26.57149,1,1,1,1,1,1,1,1,-0.4131692,19.27749,18.28722,RightArrow
26.57149,1,1,1,1,1,1,1,1,-0.4131692,19.27749,18.28722,RightArrow
26.58777,1,1,1,1,1,1,1,1,-0.4086624,19.40537,18.17529,RightArrow
26.58777,1,1,1,1,1,1,1,1,-0.4086624,19.40537,18.17529,RightArrow
26.6026,1,1,1,1,1,1,1,1,-0.4043881,19.52534,18.06818,RightArrow
26.6026,1,1,1,1,1,1,1,1,-0.4043881,19.52534,18.06818,RightArrow
26.6165,1,1,1,1,1,1,1,1,-0.4002163,19.64122,17.96275,RightArrow
26.63989,1,1,1,1,1,1,1,1,-0.3930851,19.83712,17.78125,RightArrow
26.65389,1,1,1,1,1,1,1,1,-0.3884209,19.96304,17.66089,RightArrow
26.65389,1,1,1,1,1,1,1,1,-0.3884209,19.96304,17.66089,RightArrow
26.65389,1,1,1,1,1,1,1,1,-0.3884209,19.96304,17.66089,RightArrow
26.66375,1,1,1,1,1,1,1,1,-0.3849359,20.05604,17.57018,RightArrow
26.66375,1,1,1,1,1,1,1,1,-0.3849359,20.05604,17.57018,RightArrow
26.67476,1,1,1,1,1,1,1,1,-0.3809152,20.16235,17.46489,RightArrow
26.67476,1,1,1,1,1,1,1,1,-0.3809152,20.16235,17.46489,RightArrow
26.68881,1,1,1,1,1,1,1,1,-0.3756123,20.30107,17.3251,RightArrow
26.70057,1,1,1,1,1,1,1,1,-0.3708667,20.4235,17.19887,RightArrow
26.71272,1,1,1,1,1,1,1,1,-0.3656921,20.5553,17.06017,UpArrow
26.71272,1,1,1,1,1,1,1,1,-0.3656921,20.5553,17.06017,UpArrow
26.72492,1,1,1,1,1,1,1,1,-0.3656921,20.6942,16.91069,UpArrow
26.73863,1,1,1,1,1,1,1,1,-0.3656921,20.83269,16.76166,UpArrow
26.73863,1,1,1,1,1,1,1,1,-0.3656921,20.83269,16.76166,UpArrow
26.75101,1,1,1,1,1,1,1,1,-0.3656921,20.94613,16.63959,UpArrow
26.75101,1,1,1,1,1,1,1,1,-0.3656921,20.94613,16.63959,UpArrow
26.76235,1,1,1,1,1,1,1,1,-0.3656921,21.04265,16.53572,UpArrow
26.76235,1,1,1,1,1,1,1,1,-0.3656921,21.04265,16.53572,UpArrow
26.77853,1,1,1,1,1,1,1,1,-0.3656921,21.17061,16.39803,UpArrow
26.77853,1,1,1,1,1,1,1,1,-0.3656921,21.17061,16.39803,UpArrow
26.79589,1,1,1,1,1,1,1,1,-0.3656921,21.2976,16.26137,UpArrow
26.81433,1,1,1,1,1,1,1,1,-0.3656921,21.42321,16.12621,UpArrow
26.81433,1,1,1,1,1,1,1,1,-0.3656921,21.42321,16.12621,UpArrow
26.83374,1,1,1,1,1,1,1,1,-0.3656921,21.54707,15.99292,UpArrow
26.83374,1,1,1,1,1,1,1,1,-0.3656921,21.54707,15.99292,UpArrow
26.85554,1,1,1,1,1,1,1,1,-0.3656921,21.67772,15.85233,UpArrow
26.87812,1,1,1,1,1,1,1,1,-0.3656921,21.80526,15.71509,UpArrow
26.87812,1,1,1,1,1,1,1,1,-0.3656921,21.80526,15.71509,UpArrow
26.90063,1,1,1,1,1,1,1,1,-0.3656921,21.92577,15.5854,RightArrow
26.92938,1,1,1,1,1,1,1,1,-0.35989,22.07147,15.4286,RightArrow
26.96908,1,1,1,1,1,1,1,1,-0.3516787,22.27431,15.2048,RightArrow
26.96908,1,1,1,1,1,1,1,1,-0.3516787,22.27431,15.2048,RightArrow
26.99075,1,1,1,1,1,1,1,1,-0.346864,22.39062,15.07185,RightArrow
26.99075,1,1,1,1,1,1,1,1,-0.346864,22.39062,15.07185,RightArrow
27.01095,1,1,1,1,1,1,1,1,-0.3422244,22.50117,14.94284,RightArrow
27.01095,1,1,1,1,1,1,1,1,-0.3422244,22.50117,14.94284,RightArrow
27.02809,1,1,1,1,1,1,1,1,-0.3381404,22.59719,14.82851,RightArrow
27.02809,1,1,1,1,1,1,1,1,-0.3381404,22.59719,14.82851,RightArrow
27.04679,1,1,1,1,1,1,1,1,-0.333565,22.70347,14.69971,RightArrow
27.06591,1,1,1,1,1,1,1,1,-0.3287326,22.8142,14.56282,RightArrow
27.06591,1,1,1,1,1,1,1,1,-0.3287326,22.8142,14.56282,RightArrow
27.08378,1,1,1,1,1,1,1,1,-0.3240419,22.92013,14.42909,RightArrow
27.08378,1,1,1,1,1,1,1,1,-0.3240419,22.92013,14.42909,RightArrow
27.09908,1,1,1,1,1,1,1,1,-0.3198611,23.0132,14.30917,RightArrow
27.11764,1,1,1,1,1,1,1,1,-0.3146458,23.12779,14.1588,RightArrow
27.11764,1,1,1,1,1,1,1,1,-0.3146458,23.12779,14.1588,RightArrow
27.13536,1,1,1,1,1,1,1,1,-0.3094436,23.24023,14.00783,RightArrow
27.13536,1,1,1,1,1,1,1,1,-0.3094436,23.24023,14.00783,RightArrow
27.1521,1,1,1,1,1,1,1,1,-0.3042983,23.34961,13.85757,RightArrow
27.16659,1,1,1,1,1,1,1,1,-0.2996122,23.44757,13.71988,RightArrow
27.16659,1,1,1,1,1,1,1,1,-0.2996122,23.44757,13.71988,RightArrow
27.18138,1,1,1,1,1,1,1,1,-0.294623,23.55026,13.57249,RightArrow
27.19569,1,1,1,1,1,1,1,1,-0.2895544,23.65285,13.42194,RightArrow
27.19569,1,1,1,1,1,1,1,1,-0.2895544,23.65285,13.42194,RightArrow
27.20969,1,1,1,1,1,1,1,1,-0.2843366,23.75665,13.26608,RightArrow
27.20969,1,1,1,1,1,1,1,1,-0.2843366,23.75665,13.26608,RightArrow
27.22288,1,1,1,1,1,1,1,1,-0.2791311,23.85833,13.10974,RightArrow
27.23362,1,1,1,1,1,1,1,1,-0.2745971,23.94528,12.97281,RightArrow
27.23362,1,1,1,1,1,1,1,1,-0.2745971,23.94528,12.97281,RightArrow
27.24584,1,1,1,1,1,1,1,1,-0.2691988,24.04712,12.80905,RightArrow
27.24584,1,1,1,1,1,1,1,1,-0.2691988,24.04712,12.80905,RightArrow
27.25661,1,1,1,1,1,1,1,1,-0.2640805,24.14178,12.65295,RightArrow
27.26656,1,1,1,1,1,1,1,1,-0.2590067,24.23384,12.49745,RightArrow
27.26656,1,1,1,1,1,1,1,1,-0.2590067,24.23384,12.49745,RightArrow
27.27546,1,1,1,1,1,1,1,1,-0.254103,24.32111,12.34644,RightArrow
27.27546,1,1,1,1,1,1,1,1,-0.254103,24.32111,12.34644,RightArrow
27.28416,1,1,1,1,1,1,1,1,-0.248945,24.41116,12.18689,RightArrow
27.2951,1,1,1,1,1,1,1,1,-0.2420328,24.52937,11.97215,RightArrow
27.2951,1,1,1,1,1,1,1,1,-0.2420328,24.52937,11.97215,RightArrow
27.30065,1,1,1,1,1,1,1,1,-0.2378574,24.59881,11.84161,RightArrow
27.30731,1,1,1,1,1,1,1,1,-0.232494,24.68646,11.67339,RightArrow
27.30731,1,1,1,1,1,1,1,1,-0.232494,24.68646,11.67339,RightArrow
27.31174,1,1,1,1,1,1,1,1,-0.2283533,24.75262,11.54292,RightArrow
27.31174,1,1,1,1,1,1,1,1,-0.2283533,24.75262,11.54292,RightArrow
27.31826,1,1,1,1,1,1,1,1,-0.2218912,24.854,11.3387,RightArrow
27.31826,1,1,1,1,1,1,1,1,-0.2218912,24.854,11.3387,RightArrow
27.32212,1,1,1,1,1,1,1,1,-0.2170452,24.92789,11.18475,RightArrow
27.32646,1,1,1,1,1,1,1,1,-0.2108195,25.02073,10.9863,RightArrow
27.32646,1,1,1,1,1,1,1,1,-0.2108195,25.02073,10.9863,RightArrow
27.32932,1,1,1,1,1,1,1,1,-0.2052779,25.10101,10.80884,RightArrow
27.32932,1,1,1,1,1,1,1,1,-0.2052779,25.10101,10.80884,RightArrow
27.33072,1,1,1,1,1,1,1,1,-0.2010891,25.1601,10.67416,RightArrow
27.33185,1,1,1,1,1,1,1,1,-0.1963181,25.22603,10.52034,RightArrow
27.33185,1,1,1,1,1,1,1,1,-0.1963181,25.22603,10.52034,RightArrow
27.33227,1,1,1,1,1,1,1,1,-0.1920735,25.2833,10.38306,RightArrow
27.33227,1,1,1,1,1,1,1,1,-0.1920735,25.2833,10.38306,RightArrow
27.33229,1,1,1,1,1,1,1,1,-0.1869713,25.35064,10.21759,RightArrow
27.33164,1,1,0.9945,1,1,1,1,1,-0.1807293,25.43084,10.01454,RightArrow
27.33164,1,1,0.9853259,1,1,1,1,1,-0.1807293,25.43084,10.01454,RightArrow
27.32997,1,1,0.9853259,1,1,1,1,1,-0.1745863,25.50713,9.813965,RightArrow
27.32773,1,1,0.9766833,1,1,1,1,1,-0.1697126,25.56561,9.654251,RightArrow
27.32494,1,1,0.9701024,1,1,1,1,1,-0.164998,25.62059,9.499329,RightArrow
27.32494,1,1,0.9639567,1,1,1,1,1,-0.164998,25.62059,9.499329,RightArrow
27.32211,1,1,0.9639567,1,1,1,1,1,-0.161155,25.66418,9.372711,RightArrow
27.32211,1,1,0.9591092,1,1,1,1,1,-0.161155,25.66418,9.372711,RightArrow
27.31821,1,1,0.9591092,1,1,1,1,1,-0.1563661,25.71722,9.21463,RightArrow
27.31349,1,1,0.9532541,1,1,1,1,1,-0.1513088,25.77156,9.047287,RightArrow
27.31349,1,1,0.9472975,1,1,1,1,1,-0.1513088,25.77156,9.047287,RightArrow
27.30639,1,1,0.9472975,1,1,1,1,1,-0.1443611,25.8438,8.816849,RightArrow
27.30639,1,1,0.9394673,1,1,1,1,1,-0.1443611,25.8438,8.816849,RightArrow
27.30144,1,1,0.9394673,1,1,1,1,1,-0.1404596,25.88251,8.686996,RightArrow
27.30144,1,1,0.9352785,1,1,1,1,1,-0.1404596,25.88251,8.686996,RightArrow
27.29546,1,1,0.9352785,1,1,1,1,1,-0.1360653,25.92494,8.540482,RightArrow
27.28864,1,1,0.9307154,1,1,1,1,1,-0.1314152,25.96843,8.385147,RightArrow
27.28864,1,1,0.9260651,1,1,1,1,1,-0.1314152,25.96843,8.385147,RightArrow
27.28194,1,1,0.9260651,1,1,1,1,1,-0.1272221,26.0063,8.244797,RightArrow
27.28194,1,1,0.9220321,1,1,1,1,1,-0.1272221,26.0063,8.244797,RightArrow
27.27116,1,1,0.9220321,1,1,1,1,1,-0.1207038,26.06329,8.026276,RightArrow
27.27116,1,1,0.9160274,1,1,1,1,1,-0.1207038,26.06329,8.026276,RightArrow
27.26301,1,1,0.9160274,1,1,1,1,1,-0.1163413,26.09949,7.879639,RightArrow
27.25285,1,1,0.9122201,1,1,1,1,1,-0.1111598,26.14092,7.7052,RightArrow
27.25285,1,1,0.9078907,1,1,1,1,1,-0.1111598,26.14092,7.7052,RightArrow
27.24371,1,1,0.9078907,1,1,1,1,1,-0.1068318,26.17399,7.559219,RightArrow
27.22592,1,1,0.9044455,1,1,1,1,1,-0.09849813,26.23518,7.277786,RightArrow
27.22592,1,1,0.8981692,1,1,1,1,1,-0.09849813,26.23518,7.277786,RightArrow
27.21253,1,1,0.8981692,1,1,1,1,1,-0.09293573,26.27283,7.089417,RightArrow
27.21253,1,1,0.8943068,1,1,1,1,1,-0.09293573,26.27283,7.089417,RightArrow
27.19806,1,1,0.8943068,1,1,1,1,1,-0.08725446,26.30913,6.896698,RightArrow
27.18661,1,1,0.8906047,1,1,1,1,1,-0.08304971,26.33435,6.75383,RightArrow
27.18661,1,1,0.8880328,1,1,1,1,1,-0.08304971,26.33435,6.75383,RightArrow
27.17593,1,1,0.8880328,1,1,1,1,1,-0.07928716,26.35583,6.625839,RightArrow
27.17593,1,1,0.8858464,1,1,1,1,1,-0.07928716,26.35583,6.625839,RightArrow
27.16143,1,1,0.8858464,1,1,1,1,1,-0.07429729,26.38302,6.455948,RightArrow
27.13867,1,1,0.8830986,1,1,1,1,1,-0.06664531,26.4221,6.195145,RightArrow
27.13867,1,1,0.8792053,1,1,1,1,1,-0.06664531,26.4221,6.195145,RightArrow
27.1194,1,1,0.8792053,1,1,1,1,1,-0.06062948,26.44966,5.989761,RightArrow
27.1194,1,1,0.8764607,1,1,1,1,1,-0.06062948,26.44966,5.989761,RightArrow
27.10109,1,1,0.8764607,1,1,1,1,1,-0.05518997,26.47233,5.803833,RightArrow
27.08353,1,1,0.874209,1,1,1,1,1,-0.05019207,26.49129,5.632828,RightArrow
27.08353,1,1,0.8723305,1,1,1,1,1,-0.05019207,26.49129,5.632828,RightArrow
27.06652,1,1,0.8723305,1,1,1,1,1,-0.04552792,26.50739,5.473114,RightArrow
27.06652,1,1,0.8707404,1,1,1,1,1,-0.04552792,26.50739,5.473114,RightArrow
27.04327,1,1,0.8707404,1,1,1,1,1,-0.0392926,26.52691,5.25946,RightArrow
27.02633,1,1,0.8688377,1,1,1,1,1,-0.03497616,26.53857,5.111435,RightArrow
27.02633,1,1,0.8676947,1,1,1,1,1,-0.03497616,26.53857,5.111435,RightArrow
27.00473,1,1,0.8676947,1,1,1,1,1,-0.02959363,26.55151,4.926758,UpArrow
26.97848,1,1,0.8664423,1,1,1,1,1,-0.02959363,26.56446,4.708313,UpArrow
26.94686,1,1,0.8657938,1,1,1,1,1,-0.02959363,26.58135,4.423248,UpArrow
26.94686,1,1,0.8649475,1,1,1,1,1,-0.02959363,26.58135,4.423248,UpArrow
26.927,1,1,0.8649475,1,1,1,1,1,-0.02959363,26.59288,4.228714,UpArrow
26.927,1,1,0.8643702,1,1,1,1,1,-0.02959363,26.59288,4.228714,UpArrow
26.91416,1,1,0.8643702,1,1,1,1,1,-0.02959363,26.6008,4.095047,UpArrow
26.8964,1,1,0.8639733,1,1,1,1,1,-0.02959363,26.61251,3.897476,UpArrow
26.8964,1,1,0.8633868,1,1,1,1,1,-0.02959363,26.61251,3.897476,UpArrow
26.88453,1,1,0.8633868,1,1,1,1,1,-0.02959363,26.62092,3.75563,UpArrow
26.88453,1,1,0.8629656,1,1,1,1,1,-0.02959363,26.62092,3.75563,UpArrow
26.86894,1,1,0.8629656,1,1,1,1,1,-0.02959363,26.63288,3.553787,UpArrow
26.85904,1,1,0.8623664,1,1,1,1,1,-0.02959363,26.64116,3.414215,UpArrow
26.85904,1,1,0.8619521,1,1,1,1,1,-0.02959363,26.64116,3.414215,UpArrow
26.84877,1,1,0.8619521,1,1,1,1,1,-0.02959363,26.65046,3.257263,UpArrow
26.84877,1,1,0.8614863,1,1,1,1,1,-0.02959363,26.65046,3.257263,UpArrow
26.83959,1,1,0.8614863,1,1,1,1,1,-0.02959363,26.65958,3.103256,UpArrow
26.83959,1,1,0.861029,1,1,1,1,1,-0.02959363,26.65958,3.103256,UpArrow
26.82921,1,1,0.861029,1,1,1,1,1,-0.02959363,26.67116,2.907898,UpArrow
26.82921,1,1,0.8604492,1,1,1,1,1,-0.02959363,26.67116,2.907898,UpArrow
26.82158,1,1,0.8604492,1,1,1,1,1,-0.02959363,26.6809,2.743484,UpArrow
26.81197,1,1,0.8599612,1,1,1,1,1,-0.02959363,26.69563,2.495087,UpArrow
26.81197,1,1,0.8592238,1,1,1,1,1,-0.02959363,26.69563,2.495087,UpArrow
26.80691,1,1,0.8592238,1,1,1,1,1,-0.02959363,26.70531,2.33165,UpArrow
26.80264,1,1,0.8587387,1,1,1,1,1,-0.02959363,26.71555,2.158859,UpArrow
26.80264,1,1,0.8582259,1,1,1,1,1,-0.02959363,26.71555,2.158859,UpArrow
26.80011,1,1,0.8582259,1,1,1,1,1,-0.02959363,26.72345,2.025604,UpArrow
26.80011,1,1,0.8578304,1,1,1,1,1,-0.02959363,26.72345,2.025604,UpArrow
26.79799,1,1,0.8578304,1,1,1,1,1,-0.02959363,26.73265,1.870209,UpArrow
26.79657,1,1,0.8573691,1,1,1,1,1,-0.02959363,26.74524,1.657776,RightArrow
26.79675,1,1,0.8567387,1,1,1,1,1,-0.02396919,26.75669,1.464691,RightArrow
26.79675,1,1,0.8556489,1,1,1,1,1,-0.02396919,26.75669,1.464691,RightArrow
26.79631,1,1,0.8556489,1,1,1,1,1,-0.0162486,26.76999,1.187531,RightArrow
26.79631,1,1,0.854452,1,1,1,1,1,-0.007682164,26.76999,1.187531,RightArrow
26.79631,1,1,0.8541017,1,1,1,1,1,-0.007682164,26.76999,1.187531,RightArrow
26.79631,1,1,0.8541017,1,1,1,1,1,-0.002445769,26.76999,1.187531,RightArrow
26.79631,1,1,0.8540111,1,1,1,1,1,0.001238836,26.76999,1.187531,RightArrow
26.79631,1,1,0.8540034,1,1,1,1,1,0.001238836,26.76999,1.187531,RightArrow
26.79631,1,1,0.8540034,1,1,1,1,1,0.006233667,26.76999,1.187531,RightArrow
26.79631,1,1,0.8540672,1,1,1,1,1,0.006233667,26.76999,1.187531,RightArrow
26.79631,1,1,0.8540672,1,1,1,1,1,0.0111142,26.76999,1.187531,RightArrow
26.79631,1,1,0.8542119,1,1,1,1,1,0.01496027,26.76999,1.187531,RightArrow
26.79631,1,1,0.8543833,1,1,1,1,1,0.01496027,26.76999,1.187531,RightArrow
26.79631,1,1,0.8543833,1,1,1,1,1,0.01863241,26.76999,1.187531,RightArrow
26.79631,1,1,0.8545942,1,1,1,1,1,0.01863241,26.76999,1.187531,RightArrow
26.79631,1,1,0.8545942,1,1,1,1,1,0.02341603,26.76999,1.187531,RightArrow
26.79631,1,1,0.8549384,1,1,1,1,1,0.02341603,26.76999,1.187531,RightArrow
26.79631,1,1,0.8549384,1,1,1,1,1,0.02739296,26.76999,1.187531,RightArrow
26.79631,1,1,0.8552844,1,1,1,1,1,0.02739296,26.76999,1.187531,RightArrow
26.79631,1,1,0.8552844,1,1,1,1,1,0.03151342,26.76999,1.187531,RightArrow
26.79631,1,1,0.8557004,1,1,1,1,1,0.03151342,26.76999,1.187531,RightArrow
26.79631,1,1,0.8557004,1,1,1,1,1,0.03618918,26.76999,1.187531,RightArrow
26.79631,1,1,0.8562436,1,1,1,1,1,0.04146298,26.76999,1.187531,RightArrow
26.79631,1,1,0.8569473,1,1,1,1,1,0.04146298,26.76999,1.187531,RightArrow
26.79631,1,1,0.8569473,1,1,1,1,1,0.04677804,26.76999,1.187531,RightArrow
26.79631,1,1,0.8577547,1,1,1,1,1,0.04677804,26.76999,1.187531,RightArrow
26.79631,1,1,0.8577547,1,1,1,1,1,0.05186732,26.76999,1.187531,RightArrow
26.79631,1,1,0.8586205,1,1,1,1,1,0.05658375,26.76999,1.187531,RightArrow
26.79631,1,1,0.8595046,1,1,1,1,1,0.05658375,26.76999,1.187531,RightArrow
26.79631,1,1,0.8595046,1,1,1,1,1,0.06185737,26.76999,1.187531,RightArrow
26.79631,1,1,0.8605866,1,1,1,1,1,0.06185737,26.76999,1.187531,RightArrow
26.79631,1,1,0.8605866,1,1,1,1,1,0.06731902,26.76999,1.187531,RightArrow
26.79631,1,1,0.8618121,1,1,1,1,1,0.07359498,26.76999,1.187531,RightArrow
26.79631,1,1,0.8633531,1,1,1,1,1,0.07359498,26.76999,1.187531,RightArrow
26.79631,1,1,0.8633531,1,1,1,1,1,0.0785628,26.76999,1.187531,RightArrow
26.79631,1,1,0.8646746,1,1,1,1,1,0.08410168,26.76999,1.187531,RightArrow
26.79631,1,1,0.866255,1,1,1,1,1,0.08410168,26.76999,1.187531,RightArrow
26.79631,1,1,0.866255,1,1,1,1,1,0.0894528,26.76999,1.187531,RightArrow
26.79631,1,1,0.8678902,1,1,1,1,1,0.09872378,26.76999,1.187531,RightArrow
26.79631,1,1,0.8709787,1,1,1,1,1,0.1049957,26.76999,1.187531,RightArrow
26.79631,1,1,0.8732545,1,1,1,1,1,0.1049957,26.76999,1.187531,RightArrow
26.79631,1,1,0.8732545,1,1,1,1,1,0.1090471,26.76999,1.187531,RightArrow
26.79631,1,1,0.8748059,1,1,1,1,1,0.1090471,26.76999,1.187531,RightArrow
26.79631,1,1,0.8748059,1,1,1,1,1,0.1134683,26.76999,1.187531,RightArrow
26.79631,1,1,0.8765727,1,1,1,1,1,0.1134683,26.76999,1.187531,RightArrow
26.79631,1,1,0.8765727,1,1,1,1,1,0.1179709,26.76999,1.187531,RightArrow
26.79631,1,1,0.8784518,1,1,1,1,1,0.1229096,26.76999,1.187531,RightArrow
26.79631,1,0.9950547,0.880607,1,1,1,1,1,0.1229096,26.76999,1.187531,RightArrow
26.79631,1,0.9950547,0.880607,1,1,1,1,1,0.1278724,26.76999,1.187531,RightArrow
26.79631,1,0.9891864,0.8828732,1,1,1,1,1,0.1278724,26.76999,1.187531,RightArrow
26.79631,1,0.9891864,0.8828732,1,1,1,1,1,0.1342225,26.76999,1.187531,RightArrow
26.79631,1,0.9819145,0.8859218,1,1,1,1,1,0.1342225,26.76999,1.187531,RightArrow
26.79631,1,0.9819145,0.8859218,1,1,1,1,1,0.1391639,26.76999,1.187531,RightArrow
26.79631,1,0.9764354,0.8884118,1,1,1,1,1,0.1479321,26.76999,1.187531,RightArrow
26.79631,1,0.9670883,0.8930894,1,1,1,1,1,0.1479321,26.76999,1.187531,RightArrow
26.79631,1,0.9670883,0.8930894,1,1,1,1,1,0.1534431,26.76999,1.187531,RightArrow
26.79631,1,0.9614519,0.8962026,1,1,1,1,1,0.1594056,26.76999,1.187531,RightArrow
26.79631,1,0.955555,0.8997251,1,1,1,1,1,0.1594056,26.76999,1.187531,RightArrow
26.79631,1,0.955555,0.8997251,1,1,1,1,1,0.1649352,26.76999,1.187531,RightArrow
26.79631,1,0.9502686,0.903138,1,1,1,1,1,0.1649352,26.76999,1.187531,RightArrow
26.79631,1,0.9502686,0.903138,1,1,1,1,1,0.1690708,26.76999,1.187531,RightArrow
26.79631,1,0.9464273,0.9057844,1,1,1,1,1,0.1690708,26.76999,1.187531,RightArrow
26.79631,1,0.9464273,0.9057844,1,1,1,1,1,0.1750496,26.76999,1.187531,RightArrow
26.79631,1,0.9410405,0.9097549,1,1,1,1,1,0.1832327,26.76999,1.187531,RightArrow
26.79631,1,0.9339787,0.9154735,1,1,1,1,1,0.1898997,26.76999,1.187531,RightArrow
26.79631,1,0.9284844,0.9203822,1,1,1,1,1,0.1898997,26.76999,1.187531,RightArrow
26.79631,1,0.9284844,0.9203822,1,1,1,1,1,0.1938148,26.76999,1.187531,RightArrow
26.79631,1,0.9253639,0.9233721,1,1,1,1,1,0.2027479,26.76999,1.187531,RightArrow
26.79631,1,0.9185306,0.9305004,1,1,1,1,1,0.2027479,26.76999,1.187531,RightArrow
26.79631,1,0.9185306,0.9305004,1,1,1,1,1,0.2080403,26.76999,1.187531,RightArrow
26.79631,1,0.9146664,0.9349298,1,1,1,1,1,0.2124272,26.76999,1.187531,RightArrow
26.79631,1,0.9115655,0.9387209,1,1,1,1,1,0.2173501,26.76999,1.187531,RightArrow
26.79631,1,0.9081938,0.9431075,1,1,1,1,1,0.2173501,26.76999,1.187531,RightArrow
26.79631,1,0.9081938,0.9431075,1,1,1,1,1,0.2173501,26.76999,1.187531,RightArrow
26.79631,1,0.9081938,0.9431075,1,1,1,1,1,0.2209391,26.76999,1.187531,RightArrow
26.79631,1,0.9058068,0.9463957,1,1,1,1,1,0.2249662,26.76999,1.187531,RightArrow
26.79631,1,0.9031994,0.9501772,1,1,1,1,1,0.2249662,26.76999,1.187531,RightArrow
26.79631,1,0.9031994,0.9501772,1,1,1,1,1,0.2286881,26.76999,1.187531,RightArrow
26.79631,1,0.9008552,0.9537608,1,1,1,1,1,0.2286881,26.76999,1.187531,RightArrow
26.79631,1,0.9008552,0.9537608,1,1,1,1,1,0.2342948,26.76999,1.187531,RightArrow
26.79631,1,0.8974415,0.9593231,1,1,1,1,1,0.2342948,26.76999,1.187531,RightArrow
26.79631,1,0.8974415,0.9593231,1,1,1,1,1,0.2392241,26.76999,1.187531,RightArrow
26.79631,1,0.8945557,0.9643801,1,1,1,1,1,0.2392241,26.76999,1.187531,RightArrow
26.79631,1,0.8945557,0.9643801,1,1,1,1,1,0.2428707,26.76999,1.187531,RightArrow
26.79631,1,0.8924897,0.9682245,1,1,1,1,1,0.2482876,26.76999,1.187531,RightArrow
26.79631,1,0.8895271,0.9741011,1,1,1,1,1,0.2482876,26.76999,1.187531,RightArrow
26.79631,1,0.8895271,0.9741011,1,1,1,1,1,0.2523475,26.76999,1.187531,RightArrow
26.79631,1,0.8873895,0.9786388,1,1,1,1,1,0.2523475,26.76999,1.187531,RightArrow
26.79631,1,0.8873895,0.9786388,1,1,1,1,1,0.2575159,26.76999,1.187531,RightArrow
26.79631,1,0.8847696,0.9845851,1,1,1,1,1,0.2575159,26.76999,1.187531,RightArrow
26.79631,1,0.8847696,0.9845851,1,1,1,1,1,0.2623252,26.76999,1.187531,RightArrow
26.79631,1,0.8824326,0.9902939,1,1,1,1,1,0.2675405,26.76999,1.187531,RightArrow
26.79631,1,0.8800076,0.9966815,1,1,1,1,1,0.2675405,26.76999,1.187531,RightArrow
26.79631,1,0.8800076,0.9966815,1,1,1,1,1,0.2720542,26.76999,1.187531,RightArrow
26.79631,1,0.8779993,1,1,1,1,1,1,0.2775899,26.76999,1.187531,RightArrow
26.79631,1,0.8756503,1,1,1,1,1,1,0.2854476,26.76999,1.187531,RightArrow
26.79631,1,0.8725295,1,1,1,1,1,1,0.2854476,26.76999,1.187531,RightArrow
26.79631,1,0.8725295,1,1,1,1,1,1,0.2914178,26.76999,1.187531,RightArrow
26.79631,1,0.8703241,1,1,1,1,1,1,0.2914178,26.76999,1.187531,RightArrow
26.79631,1,0.8703241,1,1,1,1,1,1,0.2954975,26.76999,1.187531,RightArrow
26.79631,1,0.8688989,1,1,1,1,1,1,0.2954975,26.76999,1.187531,RightArrow
26.79631,1,0.8688989,1,1,1,1,1,1,0.3000616,26.76999,1.187531,RightArrow
26.79631,1,0.8673826,1,1,1,1,1,1,0.3045166,26.76999,1.187531,RightArrow
26.79631,1,0.8659819,1,1,1,1,1,1,0.3045166,26.76999,1.187531,RightArrow
26.79631,1,0.8659819,1,1,1,1,1,1,0.3045166,26.76999,1.187531,RightArrow
26.79631,1,0.8659819,1,1,1,1,1,1,0.3080786,26.76999,1.187531,RightArrow
26.79631,1,0.8635924,1,1,1,1,1,1,0.3127714,26.76999,1.187531,RightArrow
26.79631,1,0.8635924,1,1,1,1,1,1,0.3184248,26.76999,1.187531,RightArrow
26.79631,1,0.8621098,1,1,1,1,1,1,0.3267562,26.76999,1.187531,RightArrow
26.79631,1,0.8601515,1,1,1,1,1,1,0.3267562,26.76999,1.187531,RightArrow
26.79631,1,0.8601515,1,1,1,1,1,1,0.331722,26.76999,1.187531,RightArrow
26.79631,1,0.8591126,1,1,1,1,1,1,0.331722,26.76999,1.187531,RightArrow
26.79631,1,0.8591126,1,1,1,1,1,1,0.3355829,26.76999,1.187531,RightArrow
26.79631,1,0.858371,1,1,1,1,1,1,0.3355829,26.76999,1.187531,RightArrow
26.79631,1,0.858371,1,1,1,1,1,1,0.3400622,26.76999,1.187531,RightArrow
26.79631,1,0.857583,1,1,1,1,1,1,0.3400622,26.76999,1.187531,RightArrow
26.79631,1,0.857583,1,1,1,1,1,1,0.3440008,26.76999,1.187531,RightArrow
26.79631,1,0.8569545,1,1,1,1,1,1,0.3487293,26.76999,1.187531,RightArrow
26.79631,1,0.8562794,1,1,1,1,1,1,0.3487293,26.76999,1.187531,RightArrow
26.79631,1,0.8562794,1,1,1,1,1,1,0.3539422,26.76999,1.187531,RightArrow
26.79631,1,0.855636,1,1,1,1,1,1,0.3612674,26.76999,1.187531,RightArrow
26.79631,1,0.8549109,1,1,1,1,1,1,0.3612674,26.76999,1.187531,RightArrow
26.79631,1,0.8549109,1,1,1,1,1,1,0.3649482,26.76999,1.187531,RightArrow
26.79631,1,0.8546258,1,1,1,1,1,1,0.3649482,26.76999,1.187531,RightArrow
26.79631,1,0.8546258,1,1,1,1,1,1,0.3688814,26.76999,1.187531,RightArrow
26.79631,1,0.8543798,1,1,1,1,1,1,0.3688814,26.76999,1.187531,RightArrow
26.79631,1,0.8543798,1,1,1,1,1,1,0.3735593,26.76999,1.187531,RightArrow
26.79631,1,0.8541668,1,1,1,1,1,1,0.3786474,26.76999,1.187531,RightArrow
26.79631,1,0.8540334,1,1,1,1,1,1,0.3786474,26.76999,1.187531,RightArrow
26.79631,1,0.8540334,1,1,1,1,1,1,0.3838116,26.76999,1.187531,RightArrow
26.79631,1,0.8540034,1,1,1,1,1,1,0.388242,26.76999,1.187531,RightArrow
26.79631,1,0.8540629,1,1,1,1,1,1,0.388242,26.76999,1.187531,RightArrow
26.79631,1,0.8540629,1,1,1,1,1,1,0.3931851,26.76999,1.187531,RightArrow
26.79631,1,0.8542226,1,1,1,1,1,1,0.3931851,26.76999,1.187531,RightArrow
26.79631,1,0.8542226,1,1,1,1,1,1,0.3976567,26.76999,1.187531,RightArrow
26.79631,1,0.8544527,1,1,1,1,1,1,0.4027072,26.76999,1.187531,RightArrow
26.79631,1,0.8548112,1,1,1,1,1,1,0.4027072,26.76999,1.187531,RightArrow
26.79631,1,0.8548112,1,1,1,1,1,1,0.4075383,26.76999,1.187531,RightArrow
26.79631,1,0.8552529,1,1,1,1,1,1,0.4075383,26.76999,1.187531,RightArrow
26.79631,1,0.8552529,1,1,1,1,1,1,0.4125964,26.76999,1.187531,RightArrow
26.79631,1,0.8558196,1,1,1,1,1,1,0.417582,26.76999,1.187531,RightArrow
26.79631,1,0.8564841,1,1,1,1,1,1,0.417582,26.76999,1.187531,RightArrow
26.79631,1,0.8564841,1,1,1,1,1,1,0.4223443,26.76999,1.187531,RightArrow
26.79631,1,0.8572178,1,1,1,1,1,1,0.4223443,26.76999,1.187531,RightArrow
26.79631,1,0.8572178,1,1,1,1,1,1,0.4272206,26.76999,1.187531,RightArrow
26.79631,1,0.8580707,1,1,1,1,1,1,0.4322103,26.76999,1.187531,RightArrow
26.79631,1,0.8590511,1,1,1,1,1,1,0.4322103,26.76999,1.187531,RightArrow
26.79631,1,0.8590511,1,1,1,1,1,1,0.4374071,26.76999,1.187531,RightArrow
26.79631,1,0.8601897,1,1,1,1,1,1,0.4419957,26.76999,1.187531,RightArrow
26.79631,1,0.8612961,1,1,1,1,1,1,0.4480341,26.76999,1.187531,RightArrow
26.79631,1,0.8628988,1,1,1,1,1,1,0.4480341,26.76999,1.187531,RightArrow
26.79631,1,0.8628988,1,1,1,1,1,1,0.4514242,26.76999,1.187531,RightArrow
26.79631,1,0.8638728,1,1,1,1,1,1,0.4514242,26.76999,1.187531,RightArrow
26.79631,1,0.8638728,1,1,1,1,1,1,0.4514242,26.76999,1.187531,RightArrow
26.79631,1,0.8638728,1,1,1,1,1,1,0.4547341,26.76999,1.187531,RightArrow
26.79631,1,0.8648759,1,1,1,1,1,1,0.4604753,26.76999,1.187531,RightArrow
26.79631,1,0.8667401,1,1,1,1,1,1,0.4604753,26.76999,1.187531,RightArrow
26.79631,1,0.8667401,1,1,1,1,1,1,0.4642698,26.76999,1.187531,RightArrow
26.79631,1,0.86806,1,1,1,1,1,1,0.4693608,26.76999,1.187531,RightArrow
26.79631,1,0.8699425,1,1,1,1,1,1,0.4693608,26.76999,1.187531,RightArrow
26.79631,1,0.8699425,1,1,1,1,1,1,0.4736656,26.76999,1.187531,RightArrow
26.79631,1,0.8716359,1,1,1,1,1,1,0.4736656,26.76999,1.187531,RightArrow
26.79631,1,0.8716359,1,1,1,1,1,1,0.4776825,26.76999,1.187531,RightArrow
26.79631,1,0.8733016,1,1,1,1,1,1,0.4821688,26.76999,1.187531,RightArrow
26.79631,1,0.8774115,1,1,1,1,1,1,0.4868324,26.76999,1.187531,RightArrow
26.79631,1,0.8774115,1,1,1,1,1,1,0.4928427,26.76999,1.187531,RightArrow
26.79631,0.9957302,0.8803567,1,1,1,1,1,1,0.4928427,26.76999,1.187531,RightArrow
26.79631,0.9957302,0.8803567,1,1,1,1,1,1,0.4977756,26.76999,1.187531,RightArrow
26.79631,0.9890596,0.8829239,1,1,1,1,1,1,0.4977756,26.76999,1.187531,RightArrow
26.79631,0.9890596,0.8829239,1,1,1,1,1,1,0.502317,26.76999,1.187531,RightArrow
26.79631,0.9830901,0.8854097,1,1,1,1,1,1,0.502317,26.76999,1.187531,RightArrow
26.79631,0.9830901,0.8854097,1,1,1,1,1,1,0.5054385,26.76999,1.187531,RightArrow
26.79631,0.9790803,0.887188,1,1,1,1,1,1,0.5097722,26.76999,1.187531,RightArrow
26.79631,0.9736379,0.8897525,1,1,1,1,1,1,0.5097722,26.76999,1.187531,RightArrow
26.79631,0.9736379,0.8897525,1,1,1,1,1,1,0.5132937,26.76999,1.187531,RightArrow
26.79631,0.9693203,0.8919198,1,1,1,1,1,1,0.5132937,26.76999,1.187531,RightArrow
26.79631,0.9693203,0.8919198,1,1,1,1,1,1,0.5173567,26.76999,1.187531,RightArrow
26.79631,0.9644533,0.8945155,1,1,1,1,1,1,0.5225861,26.76999,1.187531,RightArrow
26.79631,0.9533625,0.9011099,1,1,1,1,1,1,0.527019,26.76999,1.187531,RightArrow
26.79631,0.9533625,0.9011099,1,1,1,1,1,1,0.5326659,26.76999,1.187531,RightArrow
26.79631,0.9471875,0.905249,1,1,1,1,1,1,0.5326659,26.76999,1.187531,RightArrow
26.79631,0.9471875,0.905249,1,1,1,1,1,1,0.5378843,26.76999,1.187531,RightArrow
26.79631,0.9416777,0.9092685,1,1,1,1,1,1,0.5378843,26.76999,1.187531,RightArrow
26.79631,0.9416777,0.9092685,1,1,1,1,1,1,0.5423284,26.76999,1.187531,RightArrow
26.79631,0.9371316,0.9128434,1,1,1,1,1,1,0.545516,26.76999,1.187531,RightArrow
26.79631,0.9339525,0.9154958,1,1,1,1,1,1,0.545516,26.76999,1.187531,RightArrow
26.79631,0.9339525,0.9154958,1,1,1,1,1,1,0.5495302,26.76999,1.187531,RightArrow
26.79631,0.9300448,0.9189437,1,1,1,1,1,1,0.5495302,26.76999,1.187531,RightArrow
26.79631,0.9300448,0.9189437,1,1,1,1,1,1,0.5530351,26.76999,1.187531,RightArrow
26.79631,0.9267195,0.9220543,1,1,1,1,1,1,0.5570555,26.76999,1.187531,RightArrow
26.79631,0.9230032,0.9257404,1,1,1,1,1,1,0.5570555,26.76999,1.187531,RightArrow
26.79631,0.9230032,0.9257404,1,1,1,1,1,1,0.5570555,26.76999,1.187531,RightArrow
26.79631,0.9230032,0.9257404,1,1,1,1,1,1,0.5606639,26.76999,1.187531,RightArrow
26.79631,0.9197559,0.929159,1,1,1,1,1,1,0.5642667,26.76999,1.187531,RightArrow
26.79631,0.9165963,0.9326786,1,1,1,1,1,1,0.5642667,26.76999,1.187531,RightArrow
26.79631,0.9165963,0.9326786,1,1,1,1,1,1,0.5687009,26.76999,1.187531,RightArrow
26.79631,0.9128199,0.9371606,1,1,1,1,1,1,0.5745759,26.76999,1.187531,RightArrow
26.79631,0.9080046,0.9433624,1,1,1,1,1,1,0.5745759,26.76999,1.187531,RightArrow
26.79631,0.9080046,0.9433624,1,1,1,1,1,1,0.5777312,26.76999,1.187531,RightArrow
26.79631,0.9055063,0.9468212,1,1,1,1,1,1,0.5777312,26.76999,1.187531,RightArrow
26.79631,0.9055063,0.9468212,1,1,1,1,1,1,0.5823265,26.76999,1.187531,RightArrow
26.79631,0.9019766,0.9520238,1,1,1,1,1,1,0.5823265,26.76999,1.187531,RightArrow
26.79631,0.9019766,0.9520238,1,1,1,1,1,1,0.5868335,26.76999,1.187531,RightArrow
26.79631,0.8986388,0.9573231,1,1,1,1,1,1,0.5909446,26.76999,1.187531,RightArrow
26.79631,0.8957008,0.9623321,1,1,1,1,1,1,0.5909446,26.76999,1.187531,RightArrow
